mode,num_producers,throughput_mps
single,1,1628075.253256
single,1,1819284.414797
single,1,1720512.330338
single,1,1594048.884166
single,1,1879306.744623
single,1,1816713.766653
